{
    "w_risk": 1.1429004956605233,
    "w_slope": 0.3529238829893673,
    "drain_safe": 0.4718121211831581,
    "drain_danger": 0.12474270661860759,
    "max_debt": -0.7011487025072042,
    "limit": 0.5712116788216741,
    "window": 3.0
}